Path,Reason
E:\GitHub\Yingda.Test\docs\Images\_TestArtScanUse_AWrongRFID.png,Defined in E:\GitHub\Yingda.Test\docs\TestArtScan2.md but not linked
E:\GitHub\Yingda.Test\docs\Images\_TestArtScanUse_AUpcaseCall.png,Defined in E:\GitHub\Yingda.Test\docs\TestArtScan2.md but not linked
E:\GitHub\Yingda.Test\docs\Images\_TestArtScanUse_ASecondCall.png,Defined in E:\GitHub\Yingda.Test\docs\TestArtScan2.md but not linked
E:\GitHub\Yingda.Test\docs\Images\_TestArtScanUse_AThirdCall.png,Defined in E:\GitHub\Yingda.Test\docs\TestArtScan2.md but not linked
E:\GitHub\Yingda.Test\docs\Images\_TestArtScanUse_ANestedCall.png,Defined in E:\GitHub\Yingda.Test\docs\TestArtScan2.md but not linked
E:\GitHub\Yingda.Test\docs\Images\_TestArtScanUse_ANestedCall1.png,Defined in E:\GitHub\Yingda.Test\docs\TestArtScan2.md but not linked
E:\GitHub\Yingda.Test\docs\Images\_TestArtScanUse_ANestedCall2.png,Defined in E:\GitHub\Yingda.Test\docs\TestArtScan2.md but not linked
E:\GitHub\Yingda.Test\docs\Images\_TestArtScanUse_ANestedCall3.png,Defined in E:\GitHub\Yingda.Test\docs\TestArtScan2.md but not linked
E:\GitHub\Yingda.Test\docs\Images\_TestArtScanUse_AIntheContent4.png,Defined in E:\GitHub\Yingda.Test\docs\TestArtScan2.md but not linked
E:\GitHub\Yingda.Test\docs\Images\Desert.jpg,Defined in E:\GitHub\Yingda.Test\docs\TestArtScan2.md but not linked
E:\GitHub\Yingda.Test\docs\Images\_TestArtScanUse_BDifferentID.png,Defined in E:\GitHub\Yingda.Test\docs\TestArtScan3.md but not linked
E:\GitHub\Yingda.Test\docs\Images\_TestArtScanUse_BDifferentName1.png,Defined in E:\GitHub\Yingda.Test\docs\TestArtScan3.md but not linked
E:\GitHub\Yingda.Test\docs\Images\_TestArtScanUse_BDifferentName3.png,Defined in E:\GitHub\Yingda.Test\docs\TestArtScan3.md but not linked
E:\GitHub\Yingda.Test\docs\Images\_TestArtScanUse_BDifferentID2.png,Not in use
E:\GitHub\Yingda.Test\docs\Images\_TestArtScanUse_BDifferentID3.png,Not in use
E:\GitHub\Yingda.Test\docs\Images\_TestArtScanUse_BDifferentID4.png,Not in use
E:\GitHub\Yingda.Test\docs\Images\_TestArtScanUse_BDifferentID7.png,Not in use
E:\GitHub\Yingda.Test\docs\Images\_TestArtScanUse_RA_NoTitle.gif,Not in use
E:\GitHub\Yingda.Test\docs\Images\Chrysanthemum.jpg,Not in use
E:\GitHub\Yingda.Test\docs\Images\Hydrangeas.jpg,Not in use
E:\GitHub\Yingda.Test\docs\Images\Jellyfish.jpg,Not in use
E:\GitHub\Yingda.Test\docs\Images\Lighthouse.jpg,Not in use
E:\GitHub\Yingda.Test\docs\Images\Tulips.jpg,Not in use
